{
  "id": "",
  "name": "",
  "font_family": "iconfont",
  "css_prefix_text": "icon-",
  "description": "",
  "glyphs": [
    {
      "icon_id": "1306",
      "name": "购物车空",
      "font_class": "gouwuchekong",
      "unicode": "f0179",
      "unicode_decimal": 983417
    },
    {
      "icon_id": "1311634",
      "name": "账户",
      "font_class": "zhanghu",
      "unicode": "e60e",
      "unicode_decimal": 58894
    },
    {
      "icon_id": "5643518",
      "name": "密码",
      "font_class": "mima",
      "unicode": "e605",
      "unicode_decimal": 58885
    },
    {
      "icon_id": "10491758",
      "name": "裙子",
      "font_class": "ziyuan",
      "unicode": "e67e",
      "unicode_decimal": 59006
    },
    {
      "icon_id": "16942076",
      "name": "配置",
      "font_class": "peizhi",
      "unicode": "e644",
      "unicode_decimal": 58948
    }
  ]
}
